CREATE SCHEMA IF NOT EXISTS eshop;

DROP TABLE IF EXISTS clients CASCADE;
DROP TABLE IF EXISTS vendeurs CASCADE;
DROP TABLE IF EXISTS achats CASCADE;


CREATE TABLE eshop.clients (
	id INT,
	prenom VARCHAR,
	nom VARCHAR
);

CREATE TABLE eshop.vendeurs (
	id INT,
	nom VARCHAR
);

CREATE TABLE eshop.achats (
	id INT,
	client_id INT,
	vendeur_id INT,
	prix DOUBLE PRECISION
);


INSERT INTO eshop.clients VALUES
	('1', 'MARIE', 'TARDY'),
	('2', 'FRANCINE', 'MARTIN'),
	('3', 'GILBERTE', 'BERARD'),
	('4', 'WILFRID', 'CHATEAU'),
	('5', 'HASSEN', 'BAUDOIN'),
	('6', 'EDDIE', 'ANTOINE'),
	('7', 'ALLAN', 'SERRE'),
	('8', 'CHARLENE', 'LECUYER'),
	('9', 'JASON', 'LACOUR'),
	('10', 'JULES', 'MUNIER'),
	('11', 'ARMANDO', 'MASSON'),
	('12', 'ABDERRAHMANE', 'DUPIN'),
	('13', 'VLADIMIR', 'FONTAINE'),
	('14', 'MAMADOU', 'CHAUVIN'),
	('15', 'TATIANA', 'FERRE'),
	('16', 'ABDELAZIZ', 'MAGNE'),
	('17', 'YAMINA', 'GICQUEL'),
	('18', 'GERMAINE', 'MILLOT'),
	('19', 'ETIENNE', 'DROUET'),
	('20', 'ALDO', 'DUCLOS'),
	('21', 'RAPHAEL', 'LAPEYRE'),
	('22', 'MOHAMMED', 'GRENIER'),
	('23', 'AISSA', 'MOHAMED'),
	('24', 'ANGELINE', 'ROLAND'),
	('25', 'CLAUDIE', 'BOUCHET'),
	('26', 'JULIA', 'MERCIER'),
	('27', 'VERONIQUE', 'BOUYER'),
	('28', 'GAELLE', 'CHEVALIER'),
	('29', 'CATHERINE', 'BROUSSE'),
	('30', 'ABDELKADER', 'MALLET'),
	('31', 'CLARISSE', 'LECOMTE'),
	('32', 'JOEL', 'FISCHER'),
	('33', 'MARINA', 'LEVASSEUR'),
	('34', 'JEREMY', 'LEON'),
	('35', 'RUDY', 'GUILLEMIN'),
	('36', 'BENOIT', 'RENAUD'),
	('37', 'ALEXANDRE', 'COLLIN'),
	('38', 'LEONARD', 'BARREAU'),
	('39', 'MICHEL', 'DIALLO'),
	('40', 'CHARLINE', 'LEFRANCOIS'),
	('41', 'TIMOTHEE', 'GRANGE'),
	('42', 'ERIKA', 'POMMIER'),
	('43', 'EVELINE', 'LACAZE'),
	('44', 'CAROLE', 'VOISIN'),
	('45', 'LAURENT', 'VERRIER'),
	('46', 'BERANGERE', 'DUPRAT'),
	('47', 'FLORENT', 'MARY'),
	('48', 'ERNEST', 'PRUVOST'),
	('49', 'LAHCEN', 'ARNOUX'),
	('50', 'MONIQUE', 'LEFORT'),
	('51', 'ABDELHAMID', 'DOUCET'),
	('52', 'LARBI', 'LOISEAU'),
	('53', 'AHMED', 'DIDIER'),
	('54', 'ALBERTO', 'LOUIS'),
	('55', 'MEHDI', 'BUREL'),
	('56', 'DJAMEL', 'LEDOUX'),
	('57', 'EVELYNE', 'GROS'),
	('58', 'FELIX', 'VILLAIN'),
	('59', 'HIPPOLYTE', 'LENFANT'),
	('60', 'ISAAC', 'TRAORE'),
	('61', 'GILLES', 'BOULAY'),
	('62', 'VIVIANE', 'MONTAGNE'),
	('63', 'ALFRED', 'LEMAITRE'),
	('64', 'ESTELLE', 'BERTHIER'),
	('65', 'ANTONIN', 'SAUNIER'),
	('66', 'SARA', 'POLLET'),
	('67', 'DIEGO', 'BUREAU'),
	('68', 'FATIHA', 'JARRY'),
	('69', 'FRANTZ', 'DAHAN'),
	('70', 'ALEXANDRINE', 'GIL'),
	('71', 'ANDRE', 'PORTIER'),
	('72', 'CLOVIS', 'PICOT'),
	('73', 'ROSE', 'NGUYEN'),
	('74', 'ROLLAND', 'MUNOZ'),
	('75', 'LEILA', 'YILMAZ'),
	('76', 'FLORIANE', 'PAIN'),
	('77', 'FIRMIN', 'GIRAULT'),
	('78', 'GABRIEL', 'RICHARD'),
	('79', 'GEORGES', 'FOUCAULT'),
	('80', 'ROLANDE', 'RAGOT'),
	('81', 'LAURIE', 'BILLON'),
	('82', 'FRANCOIS', 'FAVIER'),
	('83', 'YASSINE', 'DUFOUR'),
	('84', 'JENNIFER', 'ROSSI'),
	('85', 'JOCELYNE', 'DA COSTA'),
	('86', 'DELPHINE', 'BAPTISTE'),
	('87', 'GUILLAUME', 'CORNET'),
	('88', 'TANIA', 'BIGOT'),
	('89', 'SYLVETTE', 'HERNANDEZ'),
	('90', 'ROGER', 'LE BIHAN'),
	('91', 'GUY', 'LERAY'),
	('92', 'PRISCILLA', 'COMTE'),
	('93', 'SOFIANE', 'LESUEUR'),
	('94', 'ANAIS', 'CORRE'),
	('95', 'PAOLO', 'CAZENAVE'),
	('96', 'YVAN', 'PETIT'),
	('97', 'ANGELO', 'BLONDEL'),
	('98', 'IRENE', 'MOREL'),
	('99', 'LOUISE', 'BAUDET'),
	('100', 'KLEBER', 'DUBOIS'),
	('101', 'ROBERTE', 'MORVAN'),
	('102', 'ROBERTO', 'REDON'),
	('103', 'KARIM', 'JACQUES'),
	('104', 'SANDRA', 'BECKER'),
	('105', 'ERIK', 'MAURICE'),
	('106', 'CHRISTINA', 'MARCHAND'),
	('107', 'SARAH', 'RODRIGUEZ'),
	('108', 'MORGAN', 'MERLE'),
	('109', 'CHLOE', 'PAGE'),
	('110', 'CLEMENT', 'VASSEUR'),
	('111', 'ABDEL', 'MULLER'),
	('112', 'HUSEYIN', 'GIMENEZ'),
	('113', 'MAXIMILIEN', 'BOCQUET'),
	('114', 'NOUREDDINE', 'COLLET'),
	('115', 'ABEL', 'TOURE'),
	('116', 'EDGAR', 'AUGER'),
	('117', 'PHILIPPE', 'BOISSON'),
	('118', 'LEONIE', 'LE FLOCH'),
	('119', 'BENJAMIN', 'JACQUOT'),
	('120', 'SYLVIA', 'FORTIN'),
	('121', 'STEPHAN', 'DEJEAN'),
	('122', 'SALVATORE', 'DORE'),
	('123', 'ANTOINETTE', 'BOREL'),
	('124', 'GERMAIN', 'MOREAU'),
	('125', 'MOISE', 'POISSON'),
	('126', 'FERNANDO', 'SCHMIDT'),
	('127', 'EDWIGE', 'LASSALLE'),
	('128', 'WALTER', 'LE GAL'),
	('129', 'ANGE', 'LAURENT'),
	('130', 'ROMAIN', 'BRESSON'),
	('131', 'AURORE', 'GILLES'),
	('132', 'CESAR', 'ADAM'),
	('133', 'CLARA', 'BLANDIN'),
	('134', 'MARIANNE', 'GILLET'),
	('135', 'MAURICE', 'ROUSSEL'),
	('136', 'LEO', 'PARMENTIER'),
	('137', 'VALERIE', 'GRIMAUD'),
	('138', 'NATHAN', 'CHOLLET'),
	('139', 'YVON', 'LE ROUX'),
	('140', 'YOHAN', 'GUY'),
	('141', 'FATMA', 'SAVARY'),
	('142', 'GREGOIRE', 'BLIN'),
	('143', 'ADEL', 'ASTIER'),
	('144', 'BASILE', 'BARBIER'),
	('145', 'ANGELA', 'MENDES'),
	('146', 'PAULETTE', 'DUPUY'),
	('147', 'SOPHIE', 'JOURDAIN'),
	('148', 'OCEANE', 'LEBLOND'),
	('149', 'GWENAEL', 'LECLERC'),
	('150', 'CHARLIE', 'CHARRIER'),
	('151', 'PAMELA', 'PERON'),
	('152', 'GEOFFREY', 'LEFEUVRE'),
	('153', 'DAN', 'BONIN'),
	('154', 'BRIGITTE', 'VILLENEUVE'),
	('155', 'NASSER', 'HUSSON'),
	('156', 'ANDREE', 'TORRES'),
	('157', 'ARISTIDE', 'VERNET'),
	('158', 'LOUISETTE', 'TISSIER'),
	('159', 'FERNAND', 'MARC'),
	('160', 'EDGARD', 'PIERRON'),
	('161', 'ANNABELLE', 'ESNAULT'),
	('162', 'DRISS', 'GAUTIER'),
	('163', 'SERGIO', 'BOIS'),
	('164', 'JUAN', 'GUIBERT'),
	('165', 'HELOISE', 'GAUDIN'),
	('166', 'JAMEL', 'BERTIN'),
	('167', 'DIMITRI', 'LABAT'),
	('168', 'PIERRICK', 'GABRIEL'),
	('169', 'GUYLAINE', 'LAVAL'),
	('170', 'CHARLES', 'LE'),
	('171', 'ANNY', 'THEVENET'),
	('172', 'PHILIP', 'CREPIN'),
	('173', 'NOEMIE', 'SELLIER'),
	('174', 'NINA', 'CHARLOT'),
	('175', 'REGIS', 'GRANDJEAN'),
	('176', 'CORINNE', 'CHARTIER'),
	('177', 'AUGUSTINE', 'BRUN'),
	('178', 'JEANNETTE', 'PUECH'),
	('179', 'GLADYS', 'ZIMMERMANN'),
	('180', 'MARIELLE', 'CARRE'),
	('181', 'MIKAEL', 'DELANNOY'),
	('182', 'MOHAMMAD', 'BONHOMME'),
	('183', 'ALEXIS', 'BONNIN'),
	('184', 'FRANCO', 'CAMUS'),
	('185', 'BARTHELEMY', 'FLEURY'),
	('186', 'ODILE', 'GERMAIN'),
	('187', 'IVAN', 'FORESTIER'),
	('188', 'SIMON', 'BOUVET'),
	('189', 'MAXENCE', 'LECLERE'),
	('190', 'EUGENE', 'PICHON'),
	('191', 'ALICIA', 'SCHNEIDER'),
	('192', 'EMILIENNE', 'POUGET'),
	('193', 'RAOUL', 'MEUNIER'),
	('194', 'RENEE', 'SCHMITT'),
	('195', 'JEREMIE', 'MICHEL'),
	('196', 'MOURAD', 'VALETTE'),
	('197', 'JOACHIM', 'CHATELAIN'),
	('198', 'ALEXANDRA', 'LEMAIRE'),
	('199', 'SOPHIA', 'LACOSTE'),
	('200', 'STEPHANE', 'ANDRIEUX');

INSERT INTO eshop.vendeurs VALUES
	('1', 'Amazon'),
	('2', 'Leboncoin'),
	('3', 'Cdiscount'),
	('4', 'eBay'),
	('5', 'Leroy Merlin'),
	('6', 'Fnac'),
	('7', 'Aliexpress'),
	('8', 'Microsoft');

INSERT INTO eshop.achats VALUES
	('1', '27', '8', '153'),
	('2', '9', '6', '163.8'),
	('3', '74', '1', '40.95'),
	('4', '98', '8', '99'),
	('5', '193', '1', '78'),
	('6', '135', '3', '117.75'),
	('7', '58', '4', '12.8'),
	('8', '102', '7', '155.8'),
	('9', '26', '2', '112.7'),
	('10', '192', '3', '31.5'),
	('11', '32', '3', '89.25'),
	('12', '118', '3', '18.75'),
	('13', '150', '7', '97.85'),
	('14', '10', '1', '44.85'),
	('15', '186', '4', '18.4'),
	('16', '165', '8', '128'),
	('17', '117', '1', '79.3'),
	('18', '15', '5', '11.9'),
	('19', '1', '5', '68'),
	('20', '101', '6', '80.1'),
	('21', '180', '1', '119.6'),
	('22', '122', '5', '96.9'),
	('23', '104', '4', '78.4'),
	('24', '181', '7', '110.2'),
	('25', '29', '4', '16.8'),
	('26', '168', '2', '43.4'),
	('27', '161', '8', '50'),
	('28', '92', '6', '10.8'),
	('29', '34', '3', '58.5'),
	('30', '169', '3', '143.25'),
	('31', '129', '6', '167.4'),
	('32', '185', '2', '21.7'),
	('33', '46', '4', '22.4'),
	('34', '184', '7', '19.95'),
	('35', '182', '8', '190'),
	('36', '78', '3', '27'),
	('37', '196', '3', '27'),
	('38', '127', '7', '131.1'),
	('39', '110', '7', '10.45'),
	('40', '16', '7', '106.4'),
	('41', '132', '4', '21.6'),
	('42', '130', '3', '59.25'),
	('43', '60', '8', '176'),
	('44', '117', '5', '51'),
	('45', '137', '2', '16.1'),
	('46', '173', '3', '48.75'),
	('47', '161', '5', '155.55'),
	('48', '27', '4', '92.8'),
	('49', '23', '2', '109.2'),
	('50', '186', '6', '152.1'),
	('51', '7', '4', '140.8'),
	('52', '28', '3', '99'),
	('53', '79', '5', '22.95'),
	('54', '121', '7', '152'),
	('55', '200', '7', '90.25'),
	('56', '148', '6', '117'),
	('57', '4', '3', '54'),
	('58', '110', '4', '113.6'),
	('59', '73', '5', '121.55'),
	('60', '105', '3', '119.25'),
	('61', '23', '3', '105.75'),
	('62', '135', '1', '110.5'),
	('63', '198', '7', '145.35'),
	('64', '178', '7', '186.2'),
	('65', '162', '1', '23.4'),
	('66', '81', '6', '118.8'),
	('67', '165', '5', '105.4'),
	('68', '191', '8', '197'),
	('69', '5', '2', '112'),
	('70', '89', '4', '88'),
	('71', '148', '2', '94.5'),
	('72', '80', '3', '13.5'),
	('73', '99', '8', '98'),
	('74', '28', '5', '68'),
	('75', '68', '6', '21.6'),
	('76', '129', '1', '118.95'),
	('77', '73', '5', '9.35'),
	('78', '84', '5', '82.45'),
	('79', '66', '3', '109.5'),
	('80', '124', '5', '148.75'),
	('81', '110', '1', '66.95'),
	('82', '58', '8', '109'),
	('83', '191', '2', '60.9'),
	('84', '172', '7', '101.65'),
	('85', '25', '3', '75.75'),
	('86', '145', '3', '72.75'),
	('87', '49', '7', '5.7'),
	('88', '47', '5', '119'),
	('89', '189', '4', '110.4'),
	('90', '94', '7', '51.3'),
	('91', '24', '5', '127.5'),
	('92', '7', '2', '67.9'),
	('93', '156', '2', '53.2'),
	('94', '159', '6', '9'),
	('95', '15', '4', '140'),
	('96', '194', '2', '86.8'),
	('97', '179', '4', '53.6'),
	('98', '92', '1', '77.35'),
	('99', '139', '7', '65.55'),
	('100', '198', '2', '128.1'),
	('101', '118', '3', '89.25'),
	('102', '157', '8', '198'),
	('103', '52', '1', '895'),
	('104', '155', '5', '62.9'),
	('105', '9', '5', '131.75'),
	('106', '196', '8', '124'),
	('107', '185', '4', '135.2'),
	('108', '47', '7', '17.1'),
	('109', '153', '7', '55.1'),
	('110', '102', '7', '96.9'),
	('111', '161', '1', '49.4'),
	('112', '28', '7', '108.3'),
	('113', '171', '7', '141.55'),
	('114', '48', '8', '142'),
	('115', '185', '5', '59.5'),
	('116', '61', '2', '51.1'),
	('117', '135', '4', '72'),
	('118', '1', '7', '22.8'),
	('119', '145', '2', '8.4'),
	('120', '146', '1', '52'),
	('121', '84', '1', '16.9'),
	('122', '57', '1', '35.1'),
	('123', '42', '8', '122'),
	('124', '67', '5', '89.25'),
	('125', '102', '5', '35.7'),
	('126', '137', '4', '4.8'),
	('127', '112', '4', '63.2'),
	('128', '8', '7', '152'),
	('129', '30', '5', '162.35'),
	('130', '11', '1', '11.7'),
	('131', '139', '7', '158.65'),
	('132', '97', '4', '45.6'),
	('133', '104', '7', '109.25'),
	('134', '105', '7', '10.45'),
	('135', '126', '1', '26'),
	('136', '200', '6', '54'),
	('137', '31', '1', '5.85'),
	('138', '198', '3', '47.25'),
	('139', '185', '8', '51'),
	('140', '73', '6', '93.6'),
	('141', '140', '1', '110.5'),
	('142', '189', '5', '56.1'),
	('143', '103', '7', '114.95'),
	('144', '81', '6', '102.6'),
	('145', '177', '5', '26.35'),
	('146', '172', '5', '85'),
	('147', '5', '2', '135.1'),
	('148', '141', '2', '36.4'),
	('149', '183', '3', '45.75'),
	('150', '70', '6', '114.3'),
	('151', '197', '2', '5.6'),
	('152', '92', '4', '155.2'),
	('153', '137', '7', '8.55'),
	('154', '63', '4', '144.8'),
	('155', '120', '3', '21.75'),
	('156', '134', '4', '16'),
	('157', '149', '3', '98.25'),
	('158', '2', '2', '39.9'),
	('159', '130', '5', '48.45'),
	('160', '157', '2', '67.9'),
	('161', '161', '1', '38.35'),
	('162', '27', '6', '105.3'),
	('163', '12', '3', '126.75'),
	('164', '75', '5', '68'),
	('165', '4', '5', '136'),
	('166', '3', '5', '159.8'),
	('167', '8', '5', '144.5'),
	('168', '161', '5', '61.2'),
	('169', '151', '4', '77.6'),
	('170', '116', '3', '136.5'),
	('171', '24', '6', '142.2'),
	('172', '56', '2', '128.1'),
	('173', '87', '3', '30'),
	('174', '85', '4', '22.4'),
	('175', '131', '8', '47'),
	('176', '174', '4', '137.6'),
	('177', '116', '1', '27.3'),
	('178', '162', '7', '148.2'),
	('179', '181', '1', '42.9'),
	('180', '113', '7', '90.25'),
	('181', '90', '3', '57.75'),
	('182', '119', '8', '47'),
	('183', '160', '1', '7.15'),
	('184', '61', '8', '83'),
	('185', '192', '8', '107'),
	('186', '89', '5', '71.4'),
	('187', '44', '3', '75'),
	('188', '98', '7', '41.8'),
	('189', '50', '6', '66.6'),
	('190', '151', '7', '1.9'),
	('191', '66', '4', '137.6'),
	('192', '1', '6', '36.9'),
	('193', '32', '3', '116.25'),
	('194', '173', '3', '129'),
	('195', '143', '7', '174.8'),
	('196', '114', '2', '126.7'),
	('197', '31', '8', '98'),
	('198', '27', '6', '83.7'),
	('199', '45', '2', '27.3'),
	('200', '45', '3', '72'),
	('201', '101', '3', '72.75'),
	('202', '188', '7', '137.75'),
	('203', '84', '2', '44.8'),
	('204', '101', '2', '105.7'),
	('205', '128', '6', '136.8'),
	('206', '125', '8', '164'),
	('207', '197', '4', '87.2'),
	('208', '21', '6', '72.9'),
	('209', '30', '3', '84.75'),
	('210', '185', '8', '49'),
	('211', '50', '8', '79'),
	('212', '90', '6', '151.2'),
	('213', '53', '7', '136.8'),
	('214', '125', '5', '34'),
	('215', '148', '2', '118.3'),
	('216', '46', '6', '18.9'),
	('217', '67', '8', '153'),
	('218', '85', '3', '107.25'),
	('219', '117', '4', '60'),
	('220', '31', '5', '104.55'),
	('221', '91', '6', '112.5'),
	('222', '113', '2', '2.8'),
	('223', '112', '5', '149.6'),
	('224', '41', '7', '945'),
	('225', '196', '1', '100.1'),
	('226', '99', '2', '64.4'),
	('227', '16', '6', '75.6'),
	('228', '34', '6', '152.1'),
	('229', '116', '3', '134.25'),
	('230', '190', '3', '112.5'),
	('231', '113', '5', '46.75'),
	('232', '195', '6', '99'),
	('233', '92', '7', '13.3'),
	('234', '22', '7', '42.75'),
	('235', '51', '1', '86.45'),
	('236', '188', '2', '53.9'),
	('237', '40', '1', '46.8'),
	('238', '154', '2', '33.6'),
	('239', '194', '5', '129.2'),
	('240', '126', '7', '148.2'),
	('241', '6', '3', '87.75'),
	('242', '145', '1', '48.1'),
	('243', '132', '1', '895'),
	('244', '174', '1', '55.25'),
	('245', '31', '7', '6.65'),
	('246', '144', '3', '99.75'),
	('247', '2', '1', '76.7'),
	('248', '131', '5', '38.25'),
	('249', '102', '8', '74'),
	('250', '91', '5', '37.4'),
	('251', '56', '6', '162'),
	('252', '158', '3', '143.25'),
	('253', '116', '1', '48.1'),
	('254', '25', '1', '35.1'),
	('255', '142', '4', '24.8'),
	('256', '181', '4', '115.2'),
	('257', '6', '5', '87.55'),
	('258', '87', '2', '67.9'),
	('259', '44', '1', '375'),
	('260', '158', '5', '77.35'),
	('261', '40', '5', '90.95'),
	('262', '2', '8', '122'),
	('263', '10', '4', '124.8'),
	('264', '103', '5', '132.6'),
	('265', '145', '1', '69.55'),
	('266', '42', '4', '149.6'),
	('267', '78', '3', '144.75'),
	('268', '198', '3', '72'),
	('269', '172', '6', '84.6'),
	('270', '122', '4', '72.8'),
	('271', '157', '2', '131.6'),
	('272', '32', '6', '52.2'),
	('273', '163', '6', '38.7'),
	('274', '61', '1', '22.1'),
	('275', '179', '8', '152'),
	('276', '136', '5', '106.25'),
	('277', '86', '6', '9'),
	('278', '156', '8', '81'),
	('279', '89', '6', '6.3'),
	('280', '141', '6', '52.2'),
	('281', '16', '8', '115'),
	('282', '198', '3', '126'),
	('283', '103', '3', '8.25'),
	('284', '196', '2', '130.2'),
	('285', '118', '8', '138'),
	('286', '155', '4', '147.2'),
	('287', '82', '3', '78'),
	('288', '133', '8', '174'),
	('289', '78', '2', '49.7'),
	('290', '152', '3', '51.75'),
	('291', '76', '3', '75.75'),
	('292', '23', '4', '128.8'),
	('293', '37', '1', '78'),
	('294', '171', '2', '114.1'),
	('295', '189', '4', '84.8'),
	('296', '96', '5', '125.8'),
	('297', '2', '3', '117.75'),
	('298', '43', '8', '87'),
	('299', '120', '1', '124.15'),
	('300', '135', '3', '143.25'),
	('301', '161', '8', '67'),
	('302', '140', '4', '158.4'),
	('303', '42', '4', '120'),
	('304', '171', '4', '18.4'),
	('305', '120', '7', '98.8'),
	('306', '18', '8', '18'),
	('307', '77', '3', '27'),
	('308', '20', '2', '27.3'),
	('309', '99', '6', '56.7'),
	('310', '102', '7', '162.45'),
	('311', '70', '4', '147.2'),
	('312', '97', '4', '144'),
	('313', '149', '6', '153'),
	('314', '32', '1', '99.45'),
	('315', '149', '4', '27.2'),
	('316', '32', '4', '155.2'),
	('317', '156', '2', '9.1'),
	('318', '131', '5', '13.6'),
	('319', '200', '5', '142.8'),
	('320', '146', '3', '84'),
	('321', '126', '5', '91.8'),
	('322', '193', '1', '80.6'),
	('323', '114', '6', '174.6'),
	('324', '27', '8', '94'),
	('325', '193', '1', '115.7'),
	('326', '121', '6', '94.5'),
	('327', '178', '1', '1155'),
	('328', '76', '5', '139.4'),
	('329', '102', '8', '149'),
	('330', '114', '3', '143.25'),
	('331', '16', '8', '19'),
	('332', '78', '2', '7'),
	('333', '143', '6', '63'),
	('334', '2', '3', '47.25'),
	('335', '69', '3', '86.25'),
	('336', '151', '1', '129.35'),
	('337', '180', '2', '79.8'),
	('338', '47', '2', '107.8'),
	('339', '4', '1', '78'),
	('340', '129', '2', '115.5'),
	('341', '192', '2', '77.7'),
	('342', '27', '1', '105.3'),
	('343', '37', '5', '160.65'),
	('344', '162', '7', '14.25'),
	('345', '18', '2', '93.8'),
	('346', '5', '3', '135'),
	('347', '5', '1', '119.6'),
	('348', '32', '4', '46.4'),
	('349', '20', '4', '132.8'),
	('350', '4', '5', '156.4'),
	('351', '15', '3', '10.5'),
	('352', '97', '7', '169.1'),
	('353', '61', '2', '137.2'),
	('354', '55', '7', '182.4'),
	('355', '150', '2', '42.7'),
	('356', '22', '3', '74.25'),
	('357', '91', '3', '103.5'),
	('358', '167', '1', '84.5'),
	('359', '31', '6', '25.2'),
	('360', '94', '6', '83.7'),
	('361', '145', '1', '9.1'),
	('362', '54', '1', '74.75'),
	('363', '37', '6', '117.9'),
	('364', '78', '8', '102'),
	('365', '82', '5', '125.8'),
	('366', '69', '8', '181'),
	('367', '101', '1', '7.8'),
	('368', '144', '7', '171'),
	('369', '125', '2', '2.8'),
	('370', '81', '8', '95'),
	('371', '144', '5', '97.75'),
	('372', '135', '5', '5.95'),
	('373', '18', '4', '140'),
	('374', '47', '7', '82.65'),
	('375', '174', '5', '74.8'),
	('376', '98', '6', '63.9'),
	('377', '143', '2', '86.1'),
	('378', '78', '6', '72'),
	('379', '122', '6', '159.3'),
	('380', '136', '3', '90.75'),
	('381', '147', '8', '79'),
	('382', '74', '4', '56'),
	('383', '71', '7', '121.6'),
	('384', '84', '3', '130.5'),
	('385', '138', '4', '145.6'),
	('386', '2', '1', '85.15'),
	('387', '178', '3', '33'),
	('388', '63', '1', '15.6'),
	('389', '72', '2', '93.8'),
	('390', '79', '2', '65.8'),
	('391', '98', '5', '109.65'),
	('392', '84', '1', '34.45'),
	('393', '26', '6', '64.8'),
	('394', '35', '1', '29.9'),
	('395', '57', '6', '149.4'),
	('396', '135', '4', '10.4'),
	('397', '109', '4', '48'),
	('398', '164', '1', '35.1'),
	('399', '6', '6', '90'),
	('400', '97', '3', '144'),
	('401', '4', '1', '69.55'),
	('402', '116', '1', '126.1'),
	('403', '19', '8', '97'),
	('404', '105', '6', '42.3'),
	('405', '45', '3', '119.25'),
	('406', '133', '5', '160.65'),
	('407', '105', '8', '2'),
	('408', '199', '1', '111.15'),
	('409', '85', '6', '106.2'),
	('410', '22', '7', '63.65'),
	('411', '24', '1', '105.3'),
	('412', '151', '6', '54.9'),
	('413', '105', '7', '112.1'),
	('414', '123', '8', '27'),
	('415', '87', '4', '84.8'),
	('416', '146', '3', '5.25'),
	('417', '92', '3', '2.25'),
	('418', '126', '8', '65'),
	('419', '194', '7', '183.35'),
	('420', '177', '7', '1135'),
	('421', '159', '5', '46.75'),
	('422', '89', '5', '34.85'),
	('423', '91', '7', '19.95'),
	('424', '181', '5', '1645'),
	('425', '81', '4', '60.8'),
	('426', '30', '5', '142.8'),
	('427', '112', '3', '12.75'),
	('428', '115', '1', '117'),
	('429', '35', '7', '167.2'),
	('430', '138', '7', '70.3'),
	('431', '170', '6', '32.4'),
	('432', '83', '6', '108.9'),
	('433', '156', '1', '112.45'),
	('434', '19', '7', '144.4'),
	('435', '122', '7', '19'),
	('436', '178', '6', '148.5'),
	('437', '62', '5', '161.5'),
	('438', '200', '2', '30.8'),
	('439', '128', '7', '57'),
	('440', '133', '3', '91.5'),
	('441', '90', '7', '5.7'),
	('442', '99', '7', '1.9'),
	('443', '57', '8', '192'),
	('444', '58', '5', '41.65'),
	('445', '156', '6', '105.3'),
	('446', '4', '3', '11.25'),
	('447', '151', '5', '141.1'),
	('448', '126', '3', '63.75'),
	('449', '134', '2', '57.4'),
	('450', '96', '2', '86.1'),
	('451', '131', '3', '61.5'),
	('452', '73', '1', '116.35'),
	('453', '3', '4', '9.6'),
	('454', '139', '1', '85.15'),
	('455', '93', '5', '13.6'),
	('456', '17', '5', '625'),
	('457', '32', '3', '6'),
	('458', '93', '1', '4.55'),
	('459', '48', '3', '31.5'),
	('460', '24', '5', '41.65'),
	('461', '130', '2', '42.7'),
	('462', '131', '7', '45.6'),
	('463', '48', '7', '156.75'),
	('464', '49', '6', '75.6'),
	('465', '59', '8', '158'),
	('466', '58', '4', '27.2'),
	('467', '35', '3', '129'),
	('468', '123', '5', '795'),
	('469', '80', '1', '113.75'),
	('470', '59', '7', '118.75'),
	('471', '34', '5', '71.4'),
	('472', '144', '4', '123.2'),
	('473', '176', '5', '34.85'),
	('474', '25', '4', '142.4'),
	('475', '143', '1', '60.45'),
	('476', '10', '1', '53.3'),
	('477', '66', '7', '19'),
	('478', '123', '8', '180'),
	('479', '147', '5', '17'),
	('480', '76', '2', '0.7'),
	('481', '151', '4', '111.2'),
	('482', '160', '7', '183.35'),
	('483', '28', '6', '53.1'),
	('484', '91', '1', '81.9'),
	('485', '85', '3', '90'),
	('486', '159', '4', '18.4'),
	('487', '102', '3', '3.75'),
	('488', '57', '2', '50.4'),
	('489', '66', '2', '71.4'),
	('490', '167', '4', '52.8'),
	('491', '138', '8', '132'),
	('492', '30', '6', '13.5'),
	('493', '57', '1', '120.9'),
	('494', '13', '5', '158.95'),
	('495', '175', '7', '159.6'),
	('496', '20', '8', '87'),
	('497', '22', '6', '160.2'),
	('498', '102', '2', '25.2'),
	('499', '157', '4', '36.8'),
	('500', '57', '7', '69.35'),
	('501', '36', '6', '103.5'),
	('502', '2', '8', '120'),
	('503', '145', '4', '143.2'),
	('504', '3', '1', '375'),
	('505', '29', '6', '122.4'),
	('506', '200', '4', '40'),
	('507', '37', '2', '60.9'),
	('508', '6', '8', '151'),
	('509', '106', '7', '67.45'),
	('510', '84', '5', '36.55'),
	('511', '39', '5', '52.7'),
	('512', '200', '8', '119'),
	('513', '29', '4', '23.2'),
	('514', '142', '7', '175.75'),
	('515', '198', '4', '149.6'),
	('516', '173', '8', '141'),
	('517', '43', '4', '68.8'),
	('518', '187', '4', '137.6'),
	('519', '142', '6', '13.5'),
	('520', '141', '1', '2.6'),
	('521', '21', '3', '51.75'),
	('522', '39', '1', '116.35'),
	('523', '127', '8', '78'),
	('524', '196', '8', '72'),
	('525', '148', '5', '67.15'),
	('526', '137', '2', '84.7'),
	('527', '110', '3', '133.5'),
	('528', '29', '3', '10.5'),
	('529', '62', '8', '81'),
	('530', '42', '6', '148.5'),
	('531', '165', '8', '35'),
	('532', '133', '8', '58'),
	('533', '22', '3', '27'),
	('534', '191', '1', '85.8'),
	('535', '108', '6', '84.6'),
	('536', '5', '5', '157.25'),
	('537', '72', '5', '21.25'),
	('538', '99', '4', '78.4'),
	('539', '109', '3', '75.75'),
	('540', '88', '7', '82.65'),
	('541', '7', '2', '67.2'),
	('542', '11', '7', '183.35'),
	('543', '65', '4', '88'),
	('544', '62', '8', '94'),
	('545', '118', '5', '18.7'),
	('546', '33', '4', '91.2'),
	('547', '158', '5', '118.15'),
	('548', '140', '1', '5.85'),
	('549', '53', '3', '80.25'),
	('550', '134', '6', '155.7'),
	('551', '95', '1', '74.75'),
	('552', '121', '7', '110.2'),
	('553', '87', '8', '23'),
	('554', '162', '7', '1325'),
	('555', '89', '5', '69.7'),
	('556', '14', '5', '6.8'),
	('557', '150', '7', '119.7'),
	('558', '8', '2', '17.5'),
	('559', '185', '6', '89.1'),
	('560', '41', '8', '135'),
	('561', '90', '7', '103.55'),
	('562', '54', '2', '52.5'),
	('563', '180', '7', '106.4'),
	('564', '192', '2', '111.3'),
	('565', '185', '5', '110.5'),
	('566', '75', '1', '52'),
	('567', '173', '2', '123.9'),
	('568', '60', '2', '134.4'),
	('569', '84', '8', '5'),
	('570', '19', '6', '138.6'),
	('571', '69', '2', '50.4'),
	('572', '1', '7', '156.75'),
	('573', '168', '1', '110.5'),
	('574', '174', '8', '88'),
	('575', '155', '8', '127'),
	('576', '64', '7', '32.3'),
	('577', '186', '6', '139.5'),
	('578', '119', '2', '36.4'),
	('579', '153', '1', '24.7'),
	('580', '86', '8', '120'),
	('581', '170', '6', '141.3'),
	('582', '186', '7', '14.25'),
	('583', '62', '4', '142.4'),
	('584', '182', '4', '113.6'),
	('585', '25', '4', '122.4'),
	('586', '55', '2', '100.8'),
	('587', '15', '4', '144.8'),
	('588', '188', '3', '19.5'),
	('589', '105', '1', '61.1'),
	('590', '14', '6', '45'),
	('591', '187', '1', '98.15'),
	('592', '152', '4', '144.8'),
	('593', '101', '8', '67'),
	('594', '52', '6', '34.2'),
	('595', '128', '1', '104'),
	('596', '88', '5', '24.65'),
	('597', '24', '7', '120.65'),
	('598', '170', '7', '76'),
	('599', '56', '4', '131.2'),
	('600', '65', '7', '68.4'),
	('601', '179', '8', '44'),
	('602', '34', '5', '162.35'),
	('603', '165', '3', '126.75'),
	('604', '90', '3', '108'),
	('605', '100', '6', '153'),
	('606', '133', '1', '76.7'),
	('607', '100', '1', '98.8'),
	('608', '160', '2', '91'),
	('609', '49', '5', '51.85'),
	('610', '176', '3', '105.75'),
	('611', '186', '2', '88.9'),
	('612', '145', '2', '93.1'),
	('613', '113', '8', '24'),
	('614', '89', '2', '30.1'),
	('615', '190', '3', '30.75'),
	('616', '98', '7', '164.35'),
	('617', '98', '1', '98.15'),
	('618', '43', '8', '179'),
	('619', '84', '2', '102.9'),
	('620', '172', '2', '17.5'),
	('621', '145', '5', '91.8'),
	('622', '62', '2', '80.5'),
	('623', '50', '5', '2.55'),
	('624', '22', '1', '31.85'),
	('625', '5', '4', '137.6'),
	('626', '143', '6', '143.1'),
	('627', '26', '7', '46.55'),
	('628', '81', '2', '37.1'),
	('629', '44', '7', '84.55'),
	('630', '82', '1', '34.45'),
	('631', '129', '5', '105.4'),
	('632', '26', '1', '116.35'),
	('633', '95', '4', '129.6'),
	('634', '21', '3', '120.75'),
	('635', '75', '5', '1305'),
	('636', '1', '4', '61.6'),
	('637', '143', '5', '138.55'),
	('638', '9', '7', '184.3'),
	('639', '28', '5', '146.2'),
	('640', '93', '8', '158'),
	('641', '161', '4', '46.4'),
	('642', '145', '4', '116.8'),
	('643', '36', '5', '53.55'),
	('644', '58', '2', '38.5'),
	('645', '174', '4', '69.6'),
	('646', '174', '8', '16'),
	('647', '63', '3', '81.75'),
	('648', '140', '7', '107.35'),
	('649', '72', '1', '18.85'),
	('650', '121', '3', '33'),
	('651', '156', '3', '88.5'),
	('652', '145', '8', '27'),
	('653', '40', '3', '64.5'),
	('654', '156', '2', '115.5'),
	('655', '131', '2', '69.3'),
	('656', '185', '8', '75'),
	('657', '156', '1', '91'),
	('658', '158', '8', '155'),
	('659', '183', '4', '1.6'),
	('660', '193', '8', '184'),
	('661', '150', '5', '118.15'),
	('662', '21', '2', '138.6'),
	('663', '185', '3', '36'),
	('664', '57', '7', '131.1'),
	('665', '115', '5', '133.45'),
	('666', '17', '2', '21'),
	('667', '43', '8', '43'),
	('668', '118', '6', '17.1'),
	('669', '33', '2', '81.2'),
	('670', '9', '8', '93'),
	('671', '92', '6', '133.2'),
	('672', '27', '2', '88.2'),
	('673', '128', '8', '179'),
	('674', '120', '1', '13'),
	('675', '178', '1', '68.9'),
	('676', '91', '5', '60.35'),
	('677', '19', '2', '57.4'),
	('678', '155', '4', '54.4'),
	('679', '33', '6', '66.6'),
	('680', '155', '1', '126.1'),
	('681', '100', '1', '70.85'),
	('682', '144', '7', '171'),
	('683', '120', '4', '48'),
	('684', '58', '8', '39'),
	('685', '31', '1', '13.65'),
	('686', '114', '7', '0.95'),
	('687', '199', '1', '47.45'),
	('688', '37', '1', '24.7'),
	('689', '142', '6', '177.3'),
	('690', '145', '4', '45.6'),
	('691', '121', '2', '4.9'),
	('692', '175', '3', '149.25'),
	('693', '45', '7', '31.35'),
	('694', '180', '7', '85.5'),
	('695', '153', '2', '132.3'),
	('696', '129', '8', '74'),
	('697', '200', '2', '51.1'),
	('698', '42', '7', '64.6'),
	('699', '176', '4', '154.4'),
	('700', '126', '4', '59.2'),
	('701', '169', '6', '130.5'),
	('702', '161', '2', '126.7'),
	('703', '132', '7', '69.35'),
	('704', '31', '6', '63'),
	('705', '68', '5', '118.15'),
	('706', '67', '4', '51.2'),
	('707', '36', '3', '141'),
	('708', '64', '3', '119.25'),
	('709', '184', '1', '46.8'),
	('710', '176', '7', '14.25'),
	('711', '182', '1', '1025'),
	('712', '80', '2', '99.4'),
	('713', '152', '3', '69'),
	('714', '161', '2', '26.6'),
	('715', '135', '2', '26.6'),
	('716', '54', '8', '20'),
	('717', '95', '1', '120.25'),
	('718', '155', '4', '106.4'),
	('719', '16', '8', '133'),
	('720', '58', '1', '33.15'),
	('721', '54', '3', '98.25'),
	('722', '45', '5', '59.5'),
	('723', '117', '2', '23.1'),
	('724', '65', '3', '63.75'),
	('725', '85', '2', '33.6'),
	('726', '6', '2', '116.2'),
	('727', '54', '5', '113.9'),
	('728', '187', '2', '41.3'),
	('729', '33', '2', '107.1'),
	('730', '194', '7', '1515'),
	('731', '79', '1', '129.35'),
	('732', '163', '8', '151'),
	('733', '49', '2', '98'),
	('734', '19', '1', '67.6'),
	('735', '125', '3', '106.5'),
	('736', '42', '5', '97.75'),
	('737', '6', '2', '82.6'),
	('738', '20', '5', '29.75'),
	('739', '92', '7', '24.7'),
	('740', '166', '2', '58.1'),
	('741', '61', '6', '72.9'),
	('742', '172', '2', '109.9'),
	('743', '150', '4', '151.2'),
	('744', '27', '5', '158.95'),
	('745', '122', '6', '149.4'),
	('746', '26', '5', '42.5'),
	('747', '51', '3', '149.25'),
	('748', '190', '6', '86.4'),
	('749', '60', '1', '87.1'),
	('750', '143', '5', '126.65'),
	('751', '164', '7', '63.65'),
	('752', '176', '5', '74.8'),
	('753', '125', '6', '13.5'),
	('754', '184', '6', '49.5'),
	('755', '5', '6', '143.1'),
	('756', '6', '4', '88'),
	('757', '129', '6', '85.5'),
	('758', '99', '3', '105.75'),
	('759', '103', '5', '13.6'),
	('760', '58', '3', '63'),
	('761', '101', '4', '92.8'),
	('762', '30', '4', '37.6'),
	('763', '168', '6', '128.7'),
	('764', '50', '6', '135'),
	('765', '85', '2', '28.7'),
	('766', '7', '2', '74.2'),
	('767', '167', '2', '13.3'),
	('768', '65', '7', '133.95'),
	('769', '31', '7', '114'),
	('770', '165', '8', '24'),
	('771', '103', '2', '27.3'),
	('772', '162', '3', '134.25'),
	('773', '167', '1', '107.9'),
	('774', '16', '8', '58'),
	('775', '125', '5', '98.6'),
	('776', '89', '6', '96.3'),
	('777', '83', '4', '89.6'),
	('778', '68', '3', '63'),
	('779', '19', '5', '159.8'),
	('780', '153', '5', '94.35'),
	('781', '80', '2', '24.5'),
	('782', '59', '7', '186.2'),
	('783', '198', '3', '18.75'),
	('784', '175', '5', '5.1'),
	('785', '66', '2', '41.3'),
	('786', '151', '5', '107.95'),
	('787', '128', '5', '111.35'),
	('788', '22', '5', '64.6'),
	('789', '103', '5', '116.45'),
	('790', '118', '8', '198'),
	('791', '154', '4', '14.4'),
	('792', '172', '5', '112.2'),
	('793', '193', '2', '67.9'),
	('794', '73', '8', '146'),
	('795', '153', '6', '158.4'),
	('796', '8', '5', '34.85'),
	('797', '82', '1', '96.85'),
	('798', '18', '3', '129'),
	('799', '85', '6', '176.4'),
	('800', '93', '7', '89.3'),
	('801', '62', '8', '96'),
	('802', '161', '8', '150'),
	('803', '106', '4', '149.6'),
	('804', '192', '1', '86.45'),
	('805', '81', '8', '33'),
	('806', '19', '1', '505'),
	('807', '38', '5', '39.95'),
	('808', '13', '1', '49.4'),
	('809', '148', '1', '119.6'),
	('810', '27', '7', '10.45'),
	('811', '174', '4', '64.8'),
	('812', '68', '4', '2.4'),
	('813', '144', '1', '6.5'),
	('814', '26', '1', '68.9'),
	('815', '61', '3', '144.75'),
	('816', '119', '6', '22.5'),
	('817', '40', '4', '16.8'),
	('818', '47', '5', '136'),
	('819', '119', '5', '49.3'),
	('820', '200', '2', '53.9'),
	('821', '2', '5', '165.75'),
	('822', '68', '7', '67.45'),
	('823', '68', '7', '59.85'),
	('824', '189', '1', '44.2'),
	('825', '25', '5', '46.75'),
	('826', '73', '7', '152'),
	('827', '184', '7', '64.6'),
	('828', '65', '2', '23.8'),
	('829', '193', '2', '67.2'),
	('830', '94', '7', '72.2'),
	('831', '99', '6', '47.7'),
	('832', '198', '7', '4.75'),
	('833', '145', '5', '72.25'),
	('834', '133', '8', '187'),
	('835', '53', '4', '24'),
	('836', '137', '3', '55.5'),
	('837', '111', '2', '41.3'),
	('838', '169', '7', '21.85'),
	('839', '167', '7', '57'),
	('840', '177', '1', '82.55'),
	('841', '156', '7', '181.45'),
	('842', '173', '8', '82'),
	('843', '18', '7', '134.9'),
	('844', '98', '4', '13.6'),
	('845', '106', '2', '107.8'),
	('846', '171', '6', '45'),
	('847', '14', '8', '102'),
	('848', '10', '7', '69.35'),
	('849', '177', '6', '96.3'),
	('850', '174', '1', '113.75'),
	('851', '192', '7', '137.75'),
	('852', '29', '8', '30'),
	('853', '157', '1', '22.1'),
	('854', '126', '7', '54.15'),
	('855', '114', '5', '109.65'),
	('856', '142', '5', '90.1'),
	('857', '115', '6', '141.3'),
	('858', '120', '7', '98.8'),
	('859', '118', '6', '147.6'),
	('860', '75', '6', '67.5'),
	('861', '126', '5', '35.7'),
	('862', '75', '3', '90'),
	('863', '67', '6', '11.7'),
	('864', '64', '5', '23.8'),
	('865', '182', '4', '132'),
	('866', '1', '8', '84'),
	('867', '162', '3', '103.5'),
	('868', '38', '8', '138'),
	('869', '164', '5', '64.6'),
	('870', '34', '8', '159'),
	('871', '71', '4', '64.8'),
	('872', '125', '4', '122.4'),
	('873', '108', '1', '1.95'),
	('874', '9', '4', '109.6'),
	('875', '6', '7', '136.8'),
	('876', '79', '2', '4.9'),
	('877', '106', '7', '81.7'),
	('878', '139', '8', '194'),
	('879', '160', '2', '49'),
	('880', '72', '7', '146.3'),
	('881', '159', '6', '161.1'),
	('882', '141', '2', '49.7'),
	('883', '43', '8', '24'),
	('884', '190', '1', '1025'),
	('885', '21', '1', '74.1'),
	('886', '179', '1', '6.5'),
	('887', '158', '6', '80.1'),
	('888', '177', '6', '136.8'),
	('889', '28', '6', '125.1'),
	('890', '139', '1', '32.5'),
	('891', '94', '7', '35.15'),
	('892', '63', '1', '113.1'),
	('893', '83', '6', '65.7'),
	('894', '48', '3', '92.25'),
	('895', '85', '1', '127.4'),
	('896', '125', '2', '139.3'),
	('897', '152', '6', '124.2'),
	('898', '17', '5', '119.85'),
	('899', '113', '7', '114.95'),
	('900', '7', '4', '42.4'),
	('901', '17', '8', '63'),
	('902', '10', '4', '37.6'),
	('903', '52', '2', '5.6'),
	('904', '63', '3', '33.75'),
	('905', '107', '6', '49.5'),
	('906', '118', '7', '51.3'),
	('907', '96', '5', '53.55'),
	('908', '105', '2', '2.1'),
	('909', '22', '5', '86.7'),
	('910', '52', '6', '47.7'),
	('911', '55', '1', '47.45'),
	('912', '31', '5', '117.3'),
	('913', '2', '5', '5.1'),
	('914', '174', '1', '0.65'),
	('915', '60', '2', '65.1'),
	('916', '72', '8', '74'),
	('917', '179', '4', '52.8'),
	('918', '84', '6', '71.1'),
	('919', '136', '2', '81.9'),
	('920', '138', '5', '965'),
	('921', '181', '7', '166.25'),
	('922', '198', '1', '79.3'),
	('923', '94', '1', '7.8'),
	('924', '169', '4', '56.8'),
	('925', '177', '3', '73.5'),
	('926', '157', '8', '72'),
	('927', '177', '4', '145.6'),
	('928', '40', '8', '157'),
	('929', '151', '6', '124.2'),
	('930', '48', '8', '110'),
	('931', '60', '5', '163.2'),
	('932', '22', '1', '116.35'),
	('933', '93', '7', '1.9'),
	('934', '81', '7', '15.2'),
	('935', '61', '7', '150.1'),
	('936', '11', '2', '7.7'),
	('937', '73', '5', '111.35'),
	('938', '137', '5', '107.1'),
	('939', '160', '8', '149'),
	('940', '25', '6', '96.3'),
	('941', '52', '7', '101.65'),
	('942', '177', '3', '31.5'),
	('943', '85', '2', '106.4'),
	('944', '111', '2', '62.3'),
	('945', '107', '6', '167.4'),
	('946', '195', '4', '133.6'),
	('947', '60', '2', '94.5'),
	('948', '194', '2', '18.9'),
	('949', '102', '2', '123.9'),
	('950', '142', '1', '83.2'),
	('951', '43', '2', '53.9'),
	('952', '142', '4', '146.4'),
	('953', '9', '3', '103.5'),
	('954', '185', '5', '21.25'),
	('955', '15', '2', '126'),
	('956', '159', '3', '51'),
	('957', '120', '2', '18.9'),
	('958', '137', '4', '148'),
	('959', '104', '5', '4.25'),
	('960', '196', '5', '75.65'),
	('961', '55', '5', '148.75'),
	('962', '40', '2', '84.7'),
	('963', '194', '4', '50.4'),
	('964', '160', '6', '51.3'),
	('965', '184', '8', '5'),
	('966', '166', '5', '2.55'),
	('967', '72', '5', '625'),
	('968', '149', '3', '9'),
	('969', '173', '5', '27.2'),
	('970', '32', '2', '43.4'),
	('971', '15', '7', '105.45'),
	('972', '200', '3', '118.5'),
	('973', '39', '2', '55.3'),
	('974', '76', '1', '10.4'),
	('975', '116', '3', '19.5'),
	('976', '197', '3', '124.5'),
	('977', '165', '2', '135.8'),
	('978', '50', '3', '34.5'),
	('979', '44', '5', '285'),
	('980', '138', '3', '12'),
	('981', '111', '5', '33.15'),
	('982', '33', '8', '38'),
	('983', '52', '7', '95'),
	('984', '60', '2', '80.5'),
	('985', '104', '7', '150.1'),
	('986', '60', '1', '44.2'),
	('987', '126', '2', '86.8'),
	('988', '184', '6', '119.7'),
	('989', '70', '7', '9.5'),
	('990', '60', '2', '7'),
	('991', '7', '5', '115.6'),
	('992', '16', '3', '72'),
	('993', '113', '2', '39.9'),
	('994', '102', '1', '118.95'),
	('995', '166', '5', '8.5'),
	('996', '118', '1', '375'),
	('997', '49', '6', '67.5'),
	('998', '195', '2', '53.9'),
	('999', '150', '1', '46.15'),
	('1000', '93', '2', '77');

