CREATE SCHEMA IF NOT EXISTS eshop;

DROP TABLE IF EXISTS clients CASCADE;
DROP TABLE IF EXISTS vendeurs CASCADE;
DROP TABLE IF EXISTS achats CASCADE;


CREATE TABLE eshop.clients (
	id INT,
	prenom VARCHAR,
	nom VARCHAR
);

CREATE TABLE eshop.vendeurs (
	id INT,
	nom VARCHAR
);

CREATE TABLE eshop.achats (
	id INT,
	client_id INT,
	vendeur_id INT,
	prix INT
);


INSERT INTO eshop.clients VALUES
	('1', 'FLORE', 'SARRAZIN'),
	('2', 'LUCIEN', 'BESSE'),
	('3', 'HEDI', 'HOARAU'),
	('4', 'OMAR', 'PROVOST'),
	('5', 'DESIREE', 'RAYNAUD'),
	('6', 'ALBERTO', 'FORESTIER'),
	('7', 'FRANTZ', 'CHAPUIS'),
	('8', 'ALEX', 'STEPHAN'),
	('9', 'JEANNETTE', 'REGNIER'),
	('10', 'NOEL', 'LECLERE'),
	('11', 'DANIEL', 'FELIX'),
	('12', 'THIBAUT', 'JOUVE'),
	('13', 'EMMANUELLE', 'MARTEAU'),
	('14', 'IDA', 'SOLER'),
	('15', 'FERDINAND', 'DUCHEMIN'),
	('16', 'GWENDOLINE', 'LEFEUVRE'),
	('17', 'ANTOINE', 'LAVIGNE'),
	('18', 'JOHANNES', 'GALLAND'),
	('19', 'LUCAS', 'BARRE'),
	('20', 'ROSELYNE', 'DELPECH'),
	('21', 'ADRIAN', 'RENARD'),
	('22', 'MARCELLE', 'WOLFF'),
	('23', 'STEPHANIE', 'PEREZ'),
	('24', 'JONATHAN', 'LOMBARD'),
	('25', 'EUGENIE', 'COMBE'),
	('26', 'GINO', 'PORTE'),
	('27', 'TOUSSAINT', 'COUDERC'),
	('28', 'MATTHIAS', 'BARRIERE'),
	('29', 'MIGUEL', 'MAUGER'),
	('30', 'AMAURY', 'BONNARD'),
	('31', 'PEDRO', 'LACROIX'),
	('32', 'SAMIA', 'DEVAUX'),
	('33', 'MOHAND', 'JANIN'),
	('34', 'MAMADOU', 'BOURGUIGNON'),
	('35', 'SMAIL', 'DELORME'),
	('36', 'HAKIM', 'MAIRE'),
	('37', 'NICOLE', 'PARIS'),
	('38', 'SYLVAINE', 'GAUBERT'),
	('39', 'FREDDY', 'LEBRETON'),
	('40', 'FABIENNE', 'MOREAU'),
	('41', 'ANGELE', 'GODIN'),
	('42', 'BERNADETTE', 'PELLERIN'),
	('43', 'LINA', 'SABATIER'),
	('44', 'YOUCEF', 'FAUCHER'),
	('45', 'GABRIEL', 'LAPIERRE'),
	('46', 'KARIM', 'PRIEUR'),
	('47', 'ANAIS', 'LECLERCQ'),
	('48', 'MELODIE', 'REDON'),
	('49', 'MARJORIE', 'LESAGE'),
	('50', 'RONALD', 'CHAUVET'),
	('51', 'MARIELLE', 'LE BORGNE'),
	('52', 'LAHCEN', 'PERRON'),
	('53', 'VIVIANE', 'BOUDET'),
	('54', 'NAIMA', 'HOFFMANN'),
	('55', 'FANNY', 'TORRES'),
	('56', 'KHALED', 'GOSSELIN'),
	('57', 'BENJAMIN', 'BARON'),
	('58', 'DOLORES', 'FERRER'),
	('59', 'TRISTAN', 'LAURET'),
	('60', 'BERTRAND', 'BEGUE'),
	('61', 'JOHNNY', 'GEORGE'),
	('62', 'BERENGERE', 'LASSERRE'),
	('63', 'ROBERTE', 'GENIN'),
	('64', 'BRIAN', 'MARC'),
	('65', 'JOSEPHINE', 'AUGER'),
	('66', 'JAMAL', 'GUILLET'),
	('67', 'ISMAIL', 'BERGER'),
	('68', 'RACHEL', 'TISSIER'),
	('69', 'VALERIE', 'MORAND'),
	('70', 'GILLES', 'CAILLET'),
	('71', 'WILLIAM', 'DORE'),
	('72', 'ADRIENNE', 'GILBERT'),
	('73', 'EVELINE', 'LECOQ'),
	('74', 'BERANGERE', 'CHOLLET'),
	('75', 'CLAUDIA', 'VIALA'),
	('76', 'CLEMENCE', 'FRANCOIS'),
	('77', 'AURELIA', 'BOIVIN'),
	('78', 'LISA', 'COMTE'),
	('79', 'JUSTINE', 'LAMY'),
	('80', 'AUGUSTINE', 'TECHER'),
	('81', 'OSCAR', 'RENOU'),
	('82', 'MELISSA', 'CHARTIER'),
	('83', 'NORDINE', 'TURPIN'),
	('84', 'AUDE', 'GUICHARD'),
	('85', 'FRANCINE', 'FERNANDEZ'),
	('86', 'LEONE', 'DUBOS'),
	('87', 'CYNTHIA', 'GRIMAUD'),
	('88', 'FARIDA', 'GIRAULT'),
	('89', 'JOANNA', 'YILMAZ'),
	('90', 'CECILIA', 'SERRA'),
	('91', 'HELOISE', 'DOUCET'),
	('92', 'JEANINE', 'BOISSEAU'),
	('93', 'ESTHER', 'PINTO'),
	('94', 'ALI', 'SICARD'),
	('95', 'LEO', 'ROTH'),
	('96', 'GWENAELLE', 'PELLETIER'),
	('97', 'AIME', 'ASTIER'),
	('98', 'ABDEL', 'BAUDET'),
	('99', 'MAXENCE', 'JEAN'),
	('100', 'JOHANN', 'COLLET'),
	('101', 'NOEMIE', 'LEDUC'),
	('102', 'GERMAIN', 'SALOMON'),
	('103', 'THOMAS', 'MULLER'),
	('104', 'HUGUES', 'BAUD'),
	('105', 'LIONEL', 'ALVES'),
	('106', 'AMINE', 'RODRIGUES'),
	('107', 'CLOVIS', 'SAUNIER'),
	('108', 'MELANIE', 'LEGER'),
	('109', 'CLARISSE', 'FERRAND'),
	('110', 'DELPHINE', 'HOAREAU'),
	('111', 'MICKAEL', 'BOUSQUET'),
	('112', 'ADELE', 'SCHWARTZ'),
	('113', 'LUCETTE', 'AVRIL'),
	('114', 'MAGALI', 'ROLAND'),
	('115', 'AGATHE', 'DUPRE'),
	('116', 'LOUIS', 'PROUST'),
	('117', 'GRAZIELLA', 'LEMOINE'),
	('118', 'JOELLE', 'BERNIER'),
	('119', 'REGINE', 'BASTIDE'),
	('120', 'ALBAN', 'LENFANT'),
	('121', 'JACK', 'BOURDON'),
	('122', 'MARTINE', 'DUPRAT'),
	('123', 'DA', 'CALVET'),
	('124', 'PAULINE', 'MONNET'),
	('125', 'MAGALIE', 'DIAS'),
	('126', 'FERNAND', 'FABRE'),
	('127', 'CLAUDE', 'HUBERT'),
	('128', 'MICHELE', 'BONNEFOY'),
	('129', 'ERNEST', 'NORMAND'),
	('130', 'GIOVANNI', 'ROMAN'),
	('131', 'PIERRE', 'DELAPORTE'),
	('132', 'ABRAHAM', 'BOSC'),
	('133', 'PETER', 'MARTINEZ'),
	('134', 'RICHARD', 'BILLARD'),
	('135', 'THIBAUD', 'BORDES'),
	('136', 'AXEL', 'LOUIS'),
	('137', 'KARL', 'MICHELET'),
	('138', 'ADELAIDE', 'MARTINS'),
	('139', 'ABDELKADER', 'BOUTET'),
	('140', 'INGRID', 'HERNANDEZ'),
	('141', 'JORGE', 'PAPIN'),
	('142', 'JOCELYNE', 'GROS'),
	('143', 'IRENE', 'BONHOMME'),
	('144', 'BRIGITTE', 'MACE'),
	('145', 'ADEL', 'GICQUEL'),
	('146', 'MUSTAFA', 'MARCHAL'),
	('147', 'THERESE', 'NOEL'),
	('148', 'JOAQUIM', 'LE BRAS'),
	('149', 'FREDERIC', 'THEBAULT'),
	('150', 'CELINE', 'MICHAUD'),
	('151', 'BENOIT', 'VERNET'),
	('152', 'ANTONIA', 'LEGROS'),
	('153', 'MAURICE', 'PASQUIER'),
	('154', 'RODRIGUE', 'CHARPENTIER'),
	('155', 'GUSTAVE', 'FERNANDES'),
	('156', 'HUSEYIN', 'OLLIVIER'),
	('157', 'JORIS', 'TERRIER'),
	('158', 'HARRY', 'PEREIRA'),
	('159', 'SALOMON', 'FERRARI'),
	('160', 'JACOB', 'ALEXANDRE'),
	('161', 'OLGA', 'PERON'),
	('162', 'MATTHIEU', 'FERREIRA'),
	('163', 'STEPHAN', 'REYNAUD'),
	('164', 'YOAN', 'MARQUET'),
	('165', 'AMINA', 'LAFONT'),
	('166', 'MYLENE', 'LOUVET'),
	('167', 'BAPTISTE', 'BROCHARD'),
	('168', 'LILIANE', 'GUY'),
	('169', 'ALAIN', 'MORVAN'),
	('170', 'ANNIE', 'PASCAL'),
	('171', 'PAULA', 'BOUQUET'),
	('172', 'LOUISETTE', 'FLAMENT'),
	('173', 'CYRIL', 'BENARD'),
	('174', 'LAURIE', 'MATHIEU'),
	('175', 'MAITE', 'DESHAYES'),
	('176', 'LOUISE', 'DELATTRE'),
	('177', 'ROSA', 'DUMOULIN'),
	('178', 'NABIL', 'VILLARD'),
	('179', 'YOHAN', 'CARRIERE'),
	('180', 'AMANDINE', 'DE OLIVEIRA'),
	('181', 'RABAH', 'BRESSON'),
	('182', 'OLIVIER', 'DURET'),
	('183', 'MALIK', 'CHABOT'),
	('184', 'ADELINE', 'BROUSSE'),
	('185', 'MARIETTE', 'CONSTANTIN'),
	('186', 'JOSEPH', 'CORTES'),
	('187', 'CORENTIN', 'BABIN'),
	('188', 'FERNANDO', 'GUIGNARD'),
	('189', 'COLETTE', 'DA COSTA'),
	('190', 'YOANN', 'GOMES'),
	('191', 'CHRISTIAN', 'VILLENEUVE'),
	('192', 'VAN', 'DUCLOS'),
	('193', 'SALEM', 'MENARD'),
	('194', 'XAVIER', 'FOREST'),
	('195', 'TOM', 'JOSEPH'),
	('196', 'KARINE', 'GEOFFROY'),
	('197', 'DYLAN', 'RIVET'),
	('198', 'SOLANGE', 'DUVAL'),
	('199', 'ANA', 'BARTHELEMY'),
	('200', 'MARGOT', 'CARON');

INSERT INTO eshop.vendeurs VALUES
	('1', 'Amazon'),
	('2', 'Leboncoin'),
	('3', 'Cdiscount'),
	('4', 'eBay'),
	('5', 'Leroy Merlin'),
	('6', 'Fnac'),
	('7', 'Aliexpress'),
	('8', 'Microsoft');

INSERT INTO eshop.achats VALUES
	('1', '41', '5', '98'),
	('2', '152', '8', '77'),
	('3', '92', '6', '71'),
	('4', '172', '7', '122'),
	('5', '162', '4', '197'),
	('6', '84', '8', '143'),
	('7', '68', '5', '13'),
	('8', '100', '6', '146'),
	('9', '188', '3', '60'),
	('10', '70', '3', '45'),
	('11', '45', '8', '110'),
	('12', '154', '4', '47'),
	('13', '38', '8', '33'),
	('14', '199', '7', '162'),
	('15', '177', '4', '176'),
	('16', '98', '7', '34'),
	('17', '193', '8', '63'),
	('18', '168', '6', '90'),
	('19', '13', '7', '112'),
	('20', '92', '6', '72'),
	('21', '125', '1', '118'),
	('22', '37', '8', '188'),
	('23', '44', '6', '95'),
	('24', '162', '3', '183'),
	('25', '49', '4', '14'),
	('26', '94', '3', '19'),
	('27', '97', '4', '127'),
	('28', '7', '3', '88'),
	('29', '82', '6', '161'),
	('30', '194', '8', '9'),
	('31', '164', '4', '74'),
	('32', '125', '1', '191'),
	('33', '100', '4', '5'),
	('34', '137', '6', '150'),
	('35', '6', '3', '17'),
	('36', '143', '4', '99'),
	('37', '136', '8', '32'),
	('38', '139', '4', '50'),
	('39', '134', '8', '11'),
	('40', '182', '4', '16'),
	('41', '26', '5', '8'),
	('42', '24', '3', '38'),
	('43', '194', '5', '175'),
	('44', '78', '4', '171'),
	('45', '170', '5', '85'),
	('46', '128', '3', '171'),
	('47', '3', '2', '94'),
	('48', '24', '4', '9'),
	('49', '156', '8', '24'),
	('50', '125', '8', '24'),
	('51', '73', '1', '53'),
	('52', '36', '7', '61'),
	('53', '21', '1', '165'),
	('54', '29', '5', '67'),
	('55', '164', '1', '186'),
	('56', '174', '6', '84'),
	('57', '169', '3', '46'),
	('58', '51', '6', '170'),
	('59', '88', '6', '95'),
	('60', '119', '5', '27'),
	('61', '184', '7', '198'),
	('62', '41', '6', '165'),
	('63', '146', '3', '120'),
	('64', '56', '1', '150'),
	('65', '44', '2', '122'),
	('66', '172', '5', '81'),
	('67', '34', '1', '32'),
	('68', '43', '3', '127'),
	('69', '17', '1', '133'),
	('70', '144', '6', '42'),
	('71', '58', '3', '7'),
	('72', '87', '3', '41'),
	('73', '151', '2', '41'),
	('74', '70', '2', '76'),
	('75', '200', '4', '189'),
	('76', '83', '6', '178'),
	('77', '177', '8', '138'),
	('78', '8', '8', '128'),
	('79', '119', '5', '123'),
	('80', '5', '8', '5'),
	('81', '31', '4', '83'),
	('82', '177', '4', '20'),
	('83', '26', '8', '198'),
	('84', '15', '2', '167'),
	('85', '2', '5', '10'),
	('86', '44', '5', '117'),
	('87', '133', '3', '170'),
	('88', '86', '8', '39'),
	('89', '144', '7', '169'),
	('90', '63', '8', '124'),
	('91', '124', '2', '106'),
	('92', '121', '1', '32'),
	('93', '35', '7', '141'),
	('94', '195', '6', '6'),
	('95', '53', '2', '108'),
	('96', '53', '2', '84'),
	('97', '122', '3', '137'),
	('98', '128', '6', '148'),
	('99', '97', '4', '25'),
	('100', '173', '2', '81'),
	('101', '47', '8', '186'),
	('102', '28', '7', '195'),
	('103', '7', '1', '36'),
	('104', '172', '7', '41'),
	('105', '64', '6', '95'),
	('106', '59', '1', '51'),
	('107', '122', '3', '142'),
	('108', '47', '5', '93'),
	('109', '64', '4', '198'),
	('110', '87', '1', '165'),
	('111', '174', '1', '50'),
	('112', '99', '8', '116'),
	('113', '136', '2', '54'),
	('114', '143', '1', '13'),
	('115', '57', '8', '166'),
	('116', '131', '2', '32'),
	('117', '185', '7', '133'),
	('118', '160', '2', '79'),
	('119', '82', '1', '144'),
	('120', '66', '6', '161'),
	('121', '107', '2', '125'),
	('122', '21', '6', '61'),
	('123', '153', '3', '63'),
	('124', '69', '5', '69'),
	('125', '172', '2', '106'),
	('126', '49', '3', '124'),
	('127', '137', '8', '63'),
	('128', '69', '1', '138'),
	('129', '4', '8', '116'),
	('130', '158', '2', '35'),
	('131', '183', '6', '46'),
	('132', '119', '2', '74'),
	('133', '196', '4', '71'),
	('134', '81', '7', '159'),
	('135', '129', '2', '150'),
	('136', '64', '2', '82'),
	('137', '4', '4', '152'),
	('138', '184', '5', '144'),
	('139', '135', '4', '26'),
	('140', '169', '8', '26'),
	('141', '63', '6', '177'),
	('142', '121', '5', '70'),
	('143', '105', '5', '192'),
	('144', '72', '5', '15'),
	('145', '58', '7', '1'),
	('146', '160', '8', '108'),
	('147', '137', '5', '75'),
	('148', '78', '4', '17'),
	('149', '21', '1', '93'),
	('150', '11', '8', '82'),
	('151', '105', '1', '98'),
	('152', '143', '5', '95'),
	('153', '70', '2', '147'),
	('154', '41', '1', '75'),
	('155', '158', '1', '22'),
	('156', '134', '5', '28'),
	('157', '178', '1', '189'),
	('158', '157', '6', '193'),
	('159', '175', '2', '13'),
	('160', '21', '1', '60'),
	('161', '54', '7', '62'),
	('162', '118', '8', '160'),
	('163', '47', '5', '85'),
	('164', '84', '6', '40'),
	('165', '163', '5', '44'),
	('166', '152', '3', '137'),
	('167', '197', '3', '103'),
	('168', '67', '6', '49'),
	('169', '128', '4', '179'),
	('170', '187', '8', '148'),
	('171', '50', '1', '152'),
	('172', '106', '8', '143'),
	('173', '118', '7', '41'),
	('174', '126', '5', '32'),
	('175', '3', '4', '92'),
	('176', '65', '3', '76'),
	('177', '88', '2', '169'),
	('178', '78', '6', '170'),
	('179', '25', '4', '99'),
	('180', '51', '1', '173'),
	('181', '56', '6', '152'),
	('182', '142', '2', '87'),
	('183', '129', '1', '93'),
	('184', '199', '6', '179'),
	('185', '15', '6', '132'),
	('186', '34', '1', '121'),
	('187', '87', '5', '37'),
	('188', '12', '7', '139'),
	('189', '69', '1', '75'),
	('190', '18', '1', '190'),
	('191', '150', '7', '77'),
	('192', '76', '5', '93'),
	('193', '127', '1', '90'),
	('194', '174', '6', '3'),
	('195', '123', '5', '82'),
	('196', '99', '1', '177'),
	('197', '12', '3', '80'),
	('198', '32', '8', '133'),
	('199', '6', '5', '62'),
	('200', '196', '2', '44'),
	('201', '117', '8', '119'),
	('202', '33', '8', '50'),
	('203', '138', '5', '144'),
	('204', '15', '2', '194'),
	('205', '97', '1', '165'),
	('206', '195', '3', '83'),
	('207', '92', '2', '194'),
	('208', '124', '7', '181'),
	('209', '5', '8', '117'),
	('210', '10', '7', '54'),
	('211', '153', '4', '35'),
	('212', '169', '3', '52'),
	('213', '11', '6', '22'),
	('214', '148', '6', '163'),
	('215', '187', '8', '21'),
	('216', '59', '7', '183'),
	('217', '76', '2', '181'),
	('218', '101', '5', '80'),
	('219', '125', '5', '12'),
	('220', '100', '3', '7'),
	('221', '170', '7', '8'),
	('222', '151', '7', '42'),
	('223', '101', '4', '87'),
	('224', '159', '5', '140'),
	('225', '174', '1', '106'),
	('226', '39', '3', '109'),
	('227', '169', '3', '77'),
	('228', '104', '3', '86'),
	('229', '8', '2', '69'),
	('230', '157', '3', '9'),
	('231', '38', '4', '105'),
	('232', '64', '1', '81'),
	('233', '47', '6', '7'),
	('234', '178', '7', '156'),
	('235', '154', '2', '45'),
	('236', '129', '7', '86'),
	('237', '180', '4', '72'),
	('238', '10', '6', '48'),
	('239', '195', '6', '167'),
	('240', '116', '2', '100'),
	('241', '3', '3', '169'),
	('242', '51', '2', '60'),
	('243', '51', '2', '197'),
	('244', '200', '1', '101'),
	('245', '107', '5', '63'),
	('246', '19', '1', '26'),
	('247', '118', '5', '22'),
	('248', '141', '6', '125'),
	('249', '60', '5', '83'),
	('250', '174', '5', '92'),
	('251', '6', '8', '95'),
	('252', '169', '8', '156'),
	('253', '21', '5', '124'),
	('254', '42', '7', '157'),
	('255', '185', '5', '197'),
	('256', '2', '8', '12'),
	('257', '135', '8', '1'),
	('258', '158', '5', '190'),
	('259', '149', '2', '175'),
	('260', '174', '5', '102'),
	('261', '26', '2', '112'),
	('262', '183', '1', '119'),
	('263', '95', '1', '144'),
	('264', '38', '6', '96'),
	('265', '27', '5', '44'),
	('266', '94', '4', '186'),
	('267', '58', '6', '36'),
	('268', '172', '7', '13'),
	('269', '191', '1', '16'),
	('270', '83', '1', '135'),
	('271', '26', '7', '146'),
	('272', '156', '7', '168'),
	('273', '55', '4', '65'),
	('274', '165', '3', '29'),
	('275', '103', '1', '56'),
	('276', '164', '7', '141'),
	('277', '50', '5', '193'),
	('278', '33', '4', '151'),
	('279', '133', '1', '141'),
	('280', '130', '8', '180'),
	('281', '18', '8', '193'),
	('282', '179', '8', '28'),
	('283', '181', '5', '75'),
	('284', '164', '5', '181'),
	('285', '41', '2', '123'),
	('286', '147', '5', '38'),
	('287', '135', '4', '149'),
	('288', '166', '5', '149'),
	('289', '118', '6', '26'),
	('290', '103', '7', '22'),
	('291', '99', '5', '135'),
	('292', '37', '7', '133'),
	('293', '155', '8', '49'),
	('294', '47', '3', '113'),
	('295', '27', '4', '85'),
	('296', '41', '1', '97'),
	('297', '167', '2', '99'),
	('298', '184', '7', '142'),
	('299', '155', '2', '96'),
	('300', '152', '3', '138'),
	('301', '83', '7', '184'),
	('302', '102', '3', '102'),
	('303', '17', '5', '80'),
	('304', '99', '7', '93'),
	('305', '110', '2', '51'),
	('306', '175', '7', '7'),
	('307', '51', '5', '59'),
	('308', '172', '1', '65'),
	('309', '149', '1', '97'),
	('310', '182', '2', '75'),
	('311', '28', '6', '57'),
	('312', '95', '3', '140'),
	('313', '160', '1', '136'),
	('314', '86', '1', '178'),
	('315', '118', '5', '165'),
	('316', '24', '2', '10'),
	('317', '189', '6', '28'),
	('318', '59', '5', '188'),
	('319', '137', '6', '6'),
	('320', '162', '7', '147'),
	('321', '22', '5', '65'),
	('322', '119', '2', '26'),
	('323', '138', '2', '56'),
	('324', '81', '7', '32'),
	('325', '182', '1', '16'),
	('326', '6', '6', '1'),
	('327', '190', '1', '11'),
	('328', '171', '2', '56'),
	('329', '33', '3', '190'),
	('330', '116', '4', '131'),
	('331', '14', '1', '73'),
	('332', '20', '6', '65'),
	('333', '10', '4', '83'),
	('334', '62', '1', '146'),
	('335', '55', '8', '123'),
	('336', '114', '7', '149'),
	('337', '145', '8', '63'),
	('338', '64', '2', '6'),
	('339', '123', '4', '126'),
	('340', '116', '7', '189'),
	('341', '120', '5', '127'),
	('342', '128', '5', '105'),
	('343', '9', '2', '11'),
	('344', '136', '2', '172'),
	('345', '185', '8', '26'),
	('346', '169', '4', '12'),
	('347', '79', '3', '17'),
	('348', '194', '2', '114'),
	('349', '154', '7', '44'),
	('350', '181', '8', '72'),
	('351', '171', '8', '145'),
	('352', '5', '7', '153'),
	('353', '18', '7', '93'),
	('354', '92', '4', '103'),
	('355', '105', '5', '65'),
	('356', '193', '6', '144'),
	('357', '187', '7', '126'),
	('358', '118', '4', '148'),
	('359', '137', '6', '13'),
	('360', '18', '3', '106'),
	('361', '28', '4', '106'),
	('362', '190', '1', '28'),
	('363', '58', '5', '15'),
	('364', '45', '1', '127'),
	('365', '147', '1', '65'),
	('366', '164', '1', '198'),
	('367', '66', '6', '101'),
	('368', '9', '2', '127'),
	('369', '82', '5', '79'),
	('370', '12', '5', '96'),
	('371', '156', '5', '126'),
	('372', '139', '3', '117'),
	('373', '64', '6', '57'),
	('374', '191', '3', '62'),
	('375', '141', '7', '173'),
	('376', '40', '7', '49'),
	('377', '50', '7', '78'),
	('378', '150', '1', '26'),
	('379', '174', '4', '37'),
	('380', '163', '2', '45'),
	('381', '152', '4', '152'),
	('382', '89', '7', '190'),
	('383', '77', '6', '115'),
	('384', '112', '3', '88'),
	('385', '103', '1', '183'),
	('386', '128', '2', '101'),
	('387', '23', '3', '101'),
	('388', '183', '3', '142'),
	('389', '138', '6', '77'),
	('390', '181', '3', '20'),
	('391', '86', '1', '47'),
	('392', '2', '1', '135'),
	('393', '133', '5', '84'),
	('394', '19', '5', '70'),
	('395', '109', '7', '103'),
	('396', '4', '8', '44'),
	('397', '121', '1', '107'),
	('398', '120', '3', '129'),
	('399', '138', '3', '108'),
	('400', '96', '5', '190'),
	('401', '22', '4', '154'),
	('402', '193', '2', '113'),
	('403', '40', '5', '25'),
	('404', '127', '1', '130'),
	('405', '146', '5', '192'),
	('406', '89', '6', '83'),
	('407', '102', '1', '176'),
	('408', '118', '8', '193'),
	('409', '66', '6', '28'),
	('410', '160', '8', '141'),
	('411', '109', '2', '116'),
	('412', '45', '1', '160'),
	('413', '139', '8', '154'),
	('414', '200', '3', '105'),
	('415', '115', '8', '51'),
	('416', '182', '1', '72'),
	('417', '153', '1', '107'),
	('418', '182', '2', '136'),
	('419', '105', '3', '25'),
	('420', '156', '5', '182'),
	('421', '33', '6', '39'),
	('422', '33', '2', '31'),
	('423', '32', '3', '44'),
	('424', '102', '1', '193'),
	('425', '109', '1', '187'),
	('426', '168', '5', '115'),
	('427', '103', '2', '64'),
	('428', '40', '8', '192'),
	('429', '142', '1', '111'),
	('430', '70', '3', '194'),
	('431', '111', '2', '49'),
	('432', '186', '1', '82'),
	('433', '111', '3', '44'),
	('434', '124', '5', '29'),
	('435', '161', '4', '35'),
	('436', '67', '1', '126'),
	('437', '70', '4', '72'),
	('438', '22', '6', '5'),
	('439', '124', '7', '92'),
	('440', '121', '2', '5'),
	('441', '163', '7', '55'),
	('442', '16', '4', '49'),
	('443', '113', '7', '40'),
	('444', '156', '3', '189'),
	('445', '164', '3', '25'),
	('446', '58', '6', '152'),
	('447', '156', '5', '150'),
	('448', '57', '4', '91'),
	('449', '200', '8', '107'),
	('450', '124', '3', '41'),
	('451', '190', '8', '3'),
	('452', '94', '6', '138'),
	('453', '125', '6', '4'),
	('454', '83', '7', '51'),
	('455', '193', '3', '59'),
	('456', '123', '8', '65'),
	('457', '45', '2', '103'),
	('458', '62', '8', '187'),
	('459', '56', '7', '77'),
	('460', '106', '3', '108'),
	('461', '147', '6', '112'),
	('462', '66', '6', '122'),
	('463', '92', '2', '98'),
	('464', '101', '3', '126'),
	('465', '164', '8', '26'),
	('466', '96', '4', '152'),
	('467', '34', '4', '129'),
	('468', '145', '6', '62'),
	('469', '6', '8', '176'),
	('470', '185', '2', '17'),
	('471', '118', '2', '64'),
	('472', '28', '3', '73'),
	('473', '29', '5', '161'),
	('474', '40', '7', '199'),
	('475', '88', '3', '149'),
	('476', '197', '4', '98'),
	('477', '150', '7', '42'),
	('478', '84', '7', '98'),
	('479', '26', '2', '36'),
	('480', '64', '7', '58'),
	('481', '12', '7', '153'),
	('482', '77', '7', '57'),
	('483', '100', '2', '123'),
	('484', '91', '8', '60'),
	('485', '92', '4', '20'),
	('486', '167', '1', '137'),
	('487', '157', '7', '7'),
	('488', '141', '5', '41'),
	('489', '69', '4', '11'),
	('490', '114', '2', '19'),
	('491', '76', '4', '179'),
	('492', '111', '5', '131'),
	('493', '104', '2', '62'),
	('494', '133', '3', '189'),
	('495', '64', '2', '163'),
	('496', '199', '5', '173'),
	('497', '192', '4', '1'),
	('498', '96', '1', '178'),
	('499', '81', '8', '120'),
	('500', '49', '3', '158'),
	('501', '160', '7', '79'),
	('502', '168', '5', '39'),
	('503', '186', '2', '95'),
	('504', '180', '2', '39'),
	('505', '181', '5', '31'),
	('506', '116', '5', '22'),
	('507', '98', '6', '101'),
	('508', '14', '3', '46'),
	('509', '13', '7', '2'),
	('510', '148', '3', '90'),
	('511', '144', '7', '98'),
	('512', '192', '4', '18'),
	('513', '11', '3', '170'),
	('514', '96', '2', '110'),
	('515', '28', '6', '95'),
	('516', '124', '3', '120'),
	('517', '143', '8', '170'),
	('518', '21', '5', '116'),
	('519', '146', '7', '133'),
	('520', '182', '8', '48'),
	('521', '146', '1', '5'),
	('522', '145', '7', '66'),
	('523', '75', '7', '190'),
	('524', '78', '4', '76'),
	('525', '142', '6', '84'),
	('526', '163', '1', '60'),
	('527', '87', '1', '99'),
	('528', '17', '3', '179'),
	('529', '20', '8', '120'),
	('530', '180', '7', '64'),
	('531', '53', '4', '20'),
	('532', '160', '2', '47'),
	('533', '94', '3', '26'),
	('534', '126', '4', '185'),
	('535', '161', '3', '145'),
	('536', '81', '2', '198'),
	('537', '169', '4', '29'),
	('538', '122', '8', '140'),
	('539', '130', '5', '177'),
	('540', '159', '4', '2'),
	('541', '82', '5', '43'),
	('542', '89', '1', '64'),
	('543', '150', '8', '30'),
	('544', '90', '1', '191'),
	('545', '120', '1', '47'),
	('546', '169', '1', '149'),
	('547', '26', '1', '127'),
	('548', '200', '6', '98'),
	('549', '64', '2', '71'),
	('550', '160', '3', '192'),
	('551', '42', '1', '15'),
	('552', '115', '3', '149'),
	('553', '189', '3', '77'),
	('554', '57', '3', '103'),
	('555', '17', '5', '72'),
	('556', '69', '7', '62'),
	('557', '132', '4', '163'),
	('558', '145', '6', '65'),
	('559', '48', '1', '189'),
	('560', '145', '2', '165'),
	('561', '150', '2', '96'),
	('562', '177', '8', '43'),
	('563', '77', '8', '115'),
	('564', '181', '6', '97'),
	('565', '31', '8', '58'),
	('566', '4', '8', '158'),
	('567', '122', '7', '72'),
	('568', '95', '5', '43'),
	('569', '107', '1', '22'),
	('570', '137', '3', '123'),
	('571', '10', '7', '15'),
	('572', '83', '3', '62'),
	('573', '109', '3', '59'),
	('574', '77', '4', '103'),
	('575', '180', '4', '127'),
	('576', '134', '6', '67'),
	('577', '88', '7', '135'),
	('578', '15', '7', '184'),
	('579', '74', '7', '5'),
	('580', '130', '6', '40'),
	('581', '92', '7', '134'),
	('582', '50', '3', '131'),
	('583', '94', '8', '71'),
	('584', '192', '8', '158'),
	('585', '200', '8', '43'),
	('586', '60', '8', '187'),
	('587', '175', '5', '129'),
	('588', '143', '3', '185'),
	('589', '181', '2', '178'),
	('590', '98', '4', '35'),
	('591', '58', '3', '189'),
	('592', '37', '6', '159'),
	('593', '188', '1', '116'),
	('594', '7', '2', '196'),
	('595', '29', '2', '48'),
	('596', '164', '2', '125'),
	('597', '159', '2', '115'),
	('598', '58', '8', '6'),
	('599', '141', '5', '16'),
	('600', '200', '6', '172'),
	('601', '75', '4', '69'),
	('602', '59', '2', '37'),
	('603', '71', '8', '23'),
	('604', '55', '1', '144'),
	('605', '129', '4', '73'),
	('606', '16', '8', '162'),
	('607', '198', '3', '6'),
	('608', '147', '7', '102'),
	('609', '91', '3', '116'),
	('610', '13', '7', '85'),
	('611', '130', '5', '11'),
	('612', '58', '1', '157'),
	('613', '108', '6', '136'),
	('614', '172', '3', '164'),
	('615', '85', '6', '68'),
	('616', '81', '3', '175'),
	('617', '92', '2', '43'),
	('618', '87', '8', '16'),
	('619', '56', '3', '187'),
	('620', '153', '8', '96'),
	('621', '30', '3', '173'),
	('622', '8', '6', '180'),
	('623', '184', '2', '84'),
	('624', '158', '7', '73'),
	('625', '39', '2', '160'),
	('626', '162', '3', '99'),
	('627', '132', '5', '88'),
	('628', '47', '6', '66'),
	('629', '9', '6', '80'),
	('630', '147', '6', '161'),
	('631', '91', '8', '60'),
	('632', '130', '3', '114'),
	('633', '171', '2', '74'),
	('634', '174', '6', '174'),
	('635', '63', '8', '6'),
	('636', '182', '7', '110'),
	('637', '45', '6', '125'),
	('638', '178', '2', '48'),
	('639', '82', '4', '25'),
	('640', '114', '3', '167'),
	('641', '148', '1', '191'),
	('642', '61', '8', '89'),
	('643', '15', '1', '104'),
	('644', '166', '3', '167'),
	('645', '50', '5', '198'),
	('646', '5', '5', '99'),
	('647', '136', '2', '25'),
	('648', '143', '1', '51'),
	('649', '158', '1', '166'),
	('650', '62', '1', '132'),
	('651', '10', '5', '8'),
	('652', '165', '4', '129'),
	('653', '146', '3', '43'),
	('654', '95', '3', '125'),
	('655', '2', '4', '119'),
	('656', '47', '5', '121'),
	('657', '186', '2', '149'),
	('658', '57', '2', '144'),
	('659', '46', '4', '57'),
	('660', '4', '1', '153'),
	('661', '6', '3', '112'),
	('662', '125', '7', '144'),
	('663', '157', '6', '103'),
	('664', '12', '3', '110'),
	('665', '159', '7', '48'),
	('666', '144', '2', '5'),
	('667', '83', '5', '118'),
	('668', '76', '8', '139'),
	('669', '154', '8', '120'),
	('670', '64', '1', '119'),
	('671', '79', '5', '173'),
	('672', '18', '4', '136'),
	('673', '123', '7', '23'),
	('674', '198', '5', '148'),
	('675', '200', '5', '93'),
	('676', '22', '4', '172'),
	('677', '53', '3', '93'),
	('678', '7', '8', '63'),
	('679', '152', '2', '174'),
	('680', '199', '5', '40'),
	('681', '61', '2', '17'),
	('682', '148', '6', '101'),
	('683', '37', '4', '174'),
	('684', '81', '3', '38'),
	('685', '84', '6', '104'),
	('686', '30', '3', '150'),
	('687', '14', '6', '56'),
	('688', '46', '1', '140'),
	('689', '26', '7', '188'),
	('690', '116', '2', '193'),
	('691', '85', '8', '55'),
	('692', '12', '7', '133'),
	('693', '190', '4', '111'),
	('694', '190', '1', '127'),
	('695', '84', '2', '59'),
	('696', '72', '3', '146'),
	('697', '157', '1', '191'),
	('698', '114', '7', '85'),
	('699', '180', '3', '199'),
	('700', '14', '5', '29'),
	('701', '153', '5', '45'),
	('702', '13', '6', '139'),
	('703', '91', '1', '18'),
	('704', '46', '6', '49'),
	('705', '170', '4', '109'),
	('706', '144', '4', '193'),
	('707', '80', '4', '26'),
	('708', '119', '6', '10'),
	('709', '10', '5', '95'),
	('710', '36', '3', '52'),
	('711', '75', '8', '107'),
	('712', '171', '8', '139'),
	('713', '88', '5', '52'),
	('714', '90', '2', '122'),
	('715', '96', '7', '195'),
	('716', '41', '8', '107'),
	('717', '83', '5', '25'),
	('718', '144', '7', '69'),
	('719', '185', '6', '100'),
	('720', '151', '8', '191'),
	('721', '81', '6', '117'),
	('722', '29', '7', '19'),
	('723', '58', '4', '12'),
	('724', '127', '2', '119'),
	('725', '191', '8', '121'),
	('726', '129', '8', '121'),
	('727', '128', '3', '108'),
	('728', '179', '8', '3'),
	('729', '63', '6', '137'),
	('730', '191', '4', '35'),
	('731', '189', '8', '16'),
	('732', '2', '5', '164'),
	('733', '83', '8', '104'),
	('734', '157', '4', '69'),
	('735', '98', '4', '178'),
	('736', '41', '4', '169'),
	('737', '82', '8', '190'),
	('738', '50', '8', '102'),
	('739', '1', '8', '11'),
	('740', '150', '5', '47'),
	('741', '4', '7', '177'),
	('742', '64', '3', '18'),
	('743', '165', '4', '168'),
	('744', '146', '1', '186'),
	('745', '129', '2', '15'),
	('746', '1', '6', '38'),
	('747', '31', '4', '11'),
	('748', '107', '2', '12'),
	('749', '184', '3', '37'),
	('750', '42', '2', '121'),
	('751', '88', '1', '198'),
	('752', '195', '8', '191'),
	('753', '50', '5', '190'),
	('754', '54', '8', '161'),
	('755', '130', '3', '110'),
	('756', '140', '2', '130'),
	('757', '86', '5', '56'),
	('758', '74', '5', '15'),
	('759', '85', '3', '11'),
	('760', '48', '6', '35'),
	('761', '183', '3', '96'),
	('762', '149', '1', '152'),
	('763', '59', '2', '17'),
	('764', '53', '8', '199'),
	('765', '75', '6', '33'),
	('766', '57', '7', '167'),
	('767', '12', '1', '2'),
	('768', '21', '4', '177'),
	('769', '169', '7', '102'),
	('770', '143', '3', '93'),
	('771', '12', '2', '57'),
	('772', '21', '3', '166'),
	('773', '175', '4', '42'),
	('774', '185', '3', '187'),
	('775', '131', '3', '141'),
	('776', '21', '3', '176'),
	('777', '170', '2', '23'),
	('778', '192', '3', '97'),
	('779', '179', '8', '90'),
	('780', '198', '4', '78'),
	('781', '103', '6', '113'),
	('782', '140', '7', '154'),
	('783', '180', '8', '185'),
	('784', '193', '2', '132'),
	('785', '172', '7', '92'),
	('786', '154', '5', '115'),
	('787', '11', '4', '104'),
	('788', '113', '8', '117'),
	('789', '188', '8', '25'),
	('790', '22', '4', '145'),
	('791', '36', '3', '175'),
	('792', '54', '1', '171'),
	('793', '29', '6', '65'),
	('794', '136', '5', '22'),
	('795', '24', '5', '60'),
	('796', '188', '7', '111'),
	('797', '159', '8', '102'),
	('798', '54', '8', '62'),
	('799', '128', '4', '21'),
	('800', '170', '6', '126'),
	('801', '35', '2', '90'),
	('802', '52', '5', '180'),
	('803', '91', '2', '32'),
	('804', '119', '8', '102'),
	('805', '57', '3', '58'),
	('806', '191', '1', '88'),
	('807', '68', '7', '17'),
	('808', '26', '8', '187'),
	('809', '108', '5', '124'),
	('810', '4', '6', '67'),
	('811', '36', '7', '165'),
	('812', '50', '2', '75'),
	('813', '167', '2', '153'),
	('814', '3', '7', '34'),
	('815', '102', '2', '52'),
	('816', '165', '4', '94'),
	('817', '152', '3', '7'),
	('818', '153', '2', '96'),
	('819', '59', '5', '105'),
	('820', '31', '6', '169'),
	('821', '128', '7', '88'),
	('822', '157', '1', '26'),
	('823', '102', '8', '169'),
	('824', '155', '1', '127'),
	('825', '103', '6', '20'),
	('826', '84', '1', '80'),
	('827', '98', '4', '10'),
	('828', '90', '4', '20'),
	('829', '94', '5', '101'),
	('830', '193', '1', '141'),
	('831', '144', '1', '69'),
	('832', '85', '4', '189'),
	('833', '179', '2', '171'),
	('834', '114', '8', '59'),
	('835', '189', '5', '70'),
	('836', '106', '3', '76'),
	('837', '37', '8', '47'),
	('838', '96', '3', '132'),
	('839', '145', '1', '78'),
	('840', '154', '1', '147'),
	('841', '18', '6', '59'),
	('842', '165', '8', '56'),
	('843', '44', '5', '16'),
	('844', '156', '3', '32'),
	('845', '127', '6', '188'),
	('846', '56', '3', '71'),
	('847', '99', '6', '74'),
	('848', '117', '1', '126'),
	('849', '114', '6', '23'),
	('850', '97', '2', '6'),
	('851', '131', '8', '111'),
	('852', '83', '2', '1'),
	('853', '124', '1', '96'),
	('854', '126', '1', '198'),
	('855', '67', '6', '60'),
	('856', '152', '7', '95'),
	('857', '57', '1', '185'),
	('858', '200', '4', '1'),
	('859', '149', '5', '150'),
	('860', '54', '5', '135'),
	('861', '18', '6', '95'),
	('862', '35', '5', '17'),
	('863', '178', '4', '186'),
	('864', '19', '7', '160'),
	('865', '156', '4', '82'),
	('866', '47', '8', '78'),
	('867', '8', '2', '77'),
	('868', '95', '6', '143'),
	('869', '35', '8', '25'),
	('870', '183', '4', '177'),
	('871', '61', '1', '78'),
	('872', '93', '3', '88'),
	('873', '133', '8', '29'),
	('874', '163', '1', '62'),
	('875', '54', '3', '184'),
	('876', '184', '6', '112'),
	('877', '131', '1', '112'),
	('878', '74', '4', '96'),
	('879', '102', '2', '59'),
	('880', '139', '5', '112'),
	('881', '37', '3', '37'),
	('882', '181', '7', '164'),
	('883', '50', '7', '181'),
	('884', '101', '2', '112'),
	('885', '77', '6', '106'),
	('886', '20', '2', '72'),
	('887', '156', '4', '176'),
	('888', '197', '6', '128'),
	('889', '21', '3', '145'),
	('890', '57', '1', '81'),
	('891', '25', '2', '163'),
	('892', '17', '6', '129'),
	('893', '156', '8', '153'),
	('894', '157', '8', '72'),
	('895', '31', '5', '115'),
	('896', '79', '5', '164'),
	('897', '154', '8', '23'),
	('898', '191', '2', '185'),
	('899', '66', '5', '63'),
	('900', '36', '7', '4'),
	('901', '8', '8', '194'),
	('902', '140', '6', '100'),
	('903', '71', '7', '134'),
	('904', '134', '6', '66'),
	('905', '191', '4', '173'),
	('906', '93', '7', '73'),
	('907', '151', '3', '85'),
	('908', '136', '3', '18'),
	('909', '59', '1', '63'),
	('910', '184', '2', '139'),
	('911', '161', '1', '85'),
	('912', '90', '1', '115'),
	('913', '78', '8', '169'),
	('914', '130', '8', '43'),
	('915', '157', '5', '67'),
	('916', '51', '3', '23'),
	('917', '110', '2', '148'),
	('918', '91', '7', '85'),
	('919', '133', '5', '84'),
	('920', '169', '8', '101'),
	('921', '109', '2', '50'),
	('922', '167', '7', '87'),
	('923', '149', '8', '134'),
	('924', '52', '2', '193'),
	('925', '190', '2', '169'),
	('926', '23', '3', '77'),
	('927', '25', '4', '117'),
	('928', '119', '4', '153'),
	('929', '77', '6', '161'),
	('930', '159', '1', '46'),
	('931', '159', '7', '72'),
	('932', '189', '3', '5'),
	('933', '50', '7', '132'),
	('934', '58', '6', '57'),
	('935', '78', '8', '40'),
	('936', '24', '7', '53'),
	('937', '131', '8', '107'),
	('938', '194', '7', '180'),
	('939', '4', '7', '98'),
	('940', '132', '1', '83'),
	('941', '160', '8', '191'),
	('942', '20', '2', '104'),
	('943', '191', '1', '87'),
	('944', '128', '5', '69'),
	('945', '145', '2', '21'),
	('946', '179', '4', '4'),
	('947', '77', '5', '191'),
	('948', '105', '7', '48'),
	('949', '30', '3', '139'),
	('950', '197', '1', '96'),
	('951', '158', '2', '119'),
	('952', '54', '7', '40'),
	('953', '62', '8', '51'),
	('954', '46', '5', '180'),
	('955', '57', '8', '126'),
	('956', '97', '4', '64'),
	('957', '97', '1', '47'),
	('958', '41', '6', '168'),
	('959', '16', '7', '18'),
	('960', '114', '4', '149'),
	('961', '95', '2', '26'),
	('962', '198', '6', '21'),
	('963', '183', '3', '131'),
	('964', '118', '1', '16'),
	('965', '179', '4', '62'),
	('966', '100', '3', '94'),
	('967', '20', '4', '58'),
	('968', '53', '3', '63'),
	('969', '123', '3', '133'),
	('970', '76', '6', '183'),
	('971', '26', '8', '122'),
	('972', '15', '2', '107'),
	('973', '98', '2', '104'),
	('974', '92', '5', '30'),
	('975', '10', '4', '130'),
	('976', '66', '7', '17'),
	('977', '166', '6', '90'),
	('978', '25', '6', '106'),
	('979', '58', '8', '118'),
	('980', '97', '7', '161'),
	('981', '165', '4', '88'),
	('982', '160', '5', '85'),
	('983', '174', '4', '1'),
	('984', '70', '8', '156'),
	('985', '36', '4', '50'),
	('986', '185', '4', '20'),
	('987', '25', '7', '66'),
	('988', '107', '7', '53'),
	('989', '47', '5', '92'),
	('990', '128', '2', '32'),
	('991', '14', '8', '90'),
	('992', '176', '7', '17'),
	('993', '88', '7', '141'),
	('994', '54', '4', '146'),
	('995', '67', '1', '139'),
	('996', '147', '2', '173'),
	('997', '140', '6', '45'),
	('998', '20', '4', '150'),
	('999', '102', '5', '89'),
	('1000', '117', '1', '83');

